[{"model": "auth.user", "pk": 1, "fields": {"password": "pbkdf2_sha256$150000$ihuSKFG9cV1H$IbwDSGfdilEdrVLHtSCbFEA6gPkHZkgvxs++jRtaEKo=", "last_login": "2020-04-20T17:54:17.202Z", "is_superuser": true, "username": "admin", "first_name": "", "last_name": "", "email": "admin@mail.com", "is_staff": true, "is_active": true, "date_joined": "2020-04-19T04:36:46.325Z", "groups": [], "user_permissions": []}}, {"model": "auth.user", "pk": 2, "fields": {"password": "pbkdf2_sha256$150000$xRkUb39iU8Ft$LeFZVp7Q5utd8/sylKiSXamvh1R2bQh06hRuCTBD7fc=", "last_login": null, "is_superuser": false, "username": "teacher_1", "first_name": "Ali", "last_name": "Worthington", "email": "a_worthington@gmail.com", "is_staff": false, "is_active": true, "date_joined": "2020-04-19T04:37:32Z", "groups": [], "user_permissions": []}}, {"model": "auth.user", "pk": 3, "fields": {"password": "pbkdf2_sha256$150000$XjVgBzALLqj8$eO93lPB5Q835lwFNuZo3bO+CmP+/9sZHabf/HgdI+j0=", "last_login": null, "is_superuser": false, "username": "teacher_2", "first_name": "Ellenor", "last_name": "Barajas", "email": "sample@yahoo.com", "is_staff": false, "is_active": true, "date_joined": "2020-04-19T04:39:17Z", "groups": [], "user_permissions": []}}, {"model": "auth.user", "pk": 4, "fields": {"password": "pbkdf2_sha256$150000$kuLnQ5xEGVkF$MuDASW4TCKDEiNNJyM/SCdDtPT7VZcOsXGYOpD7ZGZs=", "last_login": null, "is_superuser": false, "username": "teacher_3", "first_name": "Carwyn", "last_name": "Wilkins", "email": "Wilkins8558@gmal.com", "is_staff": false, "is_active": true, "date_joined": "2020-04-19T04:42:28Z", "groups": [], "user_permissions": []}}, {"model": "auth.user", "pk": 5, "fields": {"password": "pbkdf2_sha256$150000$h1iNB2A7IGUW$xRNS9IlwVGpgvbsPf+56Jrfg4ZRShefxDJMh9rPvphs=", "last_login": null, "is_superuser": false, "username": "student_1", "first_name": "Gavin", "last_name": "Steadman", "email": "email@gmail.com", "is_staff": false, "is_active": true, "date_joined": "2020-04-19T04:50:56Z", "groups": [], "user_permissions": []}}, {"model": "auth.user", "pk": 6, "fields": {"password": "pbkdf2_sha256$150000$vYFZOGo23lUB$FI2pKtVFLrHF4N0v2VNZl1jvCk3qNlsDbrvfjWC80tI=", "last_login": null, "is_superuser": false, "username": "student_2", "first_name": "Klaudia", "last_name": "Lyon", "email": "klaudia.lyon@gmail.com", "is_staff": false, "is_active": true, "date_joined": "2020-04-19T04:51:54Z", "groups": [], "user_permissions": []}}, {"model": "auth.user", "pk": 7, "fields": {"password": "pbkdf2_sha256$150000$V3PxFiOkz1qm$20HV/Gfevte/21KzH8cXSPvriacNfj4H8IIlZ96lnoI=", "last_login": null, "is_superuser": false, "username": "student_3", "first_name": "Nicola", "last_name": "Terry", "email": "nicola.terry@gmail.com", "is_staff": false, "is_active": true, "date_joined": "2020-04-19T04:53:21Z", "groups": [], "user_permissions": []}}, {"model": "sessions.session", "pk": "20uutjepfe0i9y8swykyx5455sruzwyb", "fields": {"session_data": "MDJkYWVlYzYzYmE2YTE1YzNjNTExNTk3MTVhZWY4NTIxYjYwMDFmMTp7Il9hdXRoX3VzZXJfaGFzaCI6Ijk4ODU4YjBhZjExMjZkNWJiOWVjNjZlZjhiODM1YjIzMWQwOTkwYzEifQ==", "expire_date": "2020-05-03T18:22:20.213Z"}}, {"model": "sessions.session", "pk": "2uwqtq6g2zd7394eulcxotf2btepj1dl", "fields": {"session_data": "M2Q1Y2M4NjIxN2FjOGEzNTA5MzE0ZDczNDBiZmRlNDk0NjQ0YzYyYTp7Il9hdXRoX3VzZXJfaGFzaCI6Ijk5NWY3ZGI4NWE1NjI2MTEyZjJlNDU2YzI2M2Y0ZmJiODU0YWM5YjUifQ==", "expire_date": "2020-05-03T19:10:35.298Z"}}, {"model": "sessions.session", "pk": "3r0zjnm1th4gf7kzhkkazr302ud3p7ig", "fields": {"session_data": "MWI4MjI1Mzg1MzMyZWY1YTBjYmExYTcyNDBjMTIyNDVkMWNjMDMwODp7Il9hdXRoX3VzZXJfaGFzaCI6IjBmZmYwYmVhZDY3ZWU3MDg2NGRiYTE4YjJjNThjNzdlYzMzNmNhZWYifQ==", "expire_date": "2020-05-03T18:23:04.660Z"}}, {"model": "sessions.session", "pk": "9n60g7gtgsq66axycm2iqxw79eepbyxk", "fields": {"session_data": "YTM0NmFjNmYzNmRmN2FlZTY3OWViZTM4ZTRhOGU0NzY3N2I4ZTVmNDp7Il9hdXRoX3VzZXJfaGFzaCI6ImI5MWRiZTZlZjM4NGFiODczODhjNWJlNDBjMWQ1ZGNlN2I3OTBmZWEifQ==", "expire_date": "2020-05-03T19:17:27.048Z"}}, {"model": "sessions.session", "pk": "a5c5u6qhjwuqhg5ion2d0oyi5sf2n9gm", "fields": {"session_data": "ODM5ZGU0NGVjODlkN2U2YTBhZDZhYzMxNmNkNzc2NWYxN2VjMWJkODp7Il9hdXRoX3VzZXJfaGFzaCI6IjNjYjhkMDIzYjNkMTczZWRkNDQyNjgyMjMyMjQ5ZDVlZmEwOTBjMWYifQ==", "expire_date": "2020-05-03T19:22:26.897Z"}}, {"model": "sessions.session", "pk": "bb6cn05yujo31uyld3uvpj1f5dv0zukc", "fields": {"session_data": "YzZmY2FmNzhkZDg1MjIzMDZhODQyNmExNTQ1ZjhkOTkyYjNkNzYwNzp7Il9hdXRoX3VzZXJfaGFzaCI6ImRhNTlhZjQwNzNhYjYxMjZkNDMwNGU5YmU4MzUzMzI5MGM5YjZlOGIifQ==", "expire_date": "2020-05-03T19:14:06.685Z"}}, {"model": "sessions.session", "pk": "d28bbvda7gniwnfqrm13d2ce377983or", "fields": {"session_data": "NWE2MTcxYWZmNzExYTlhZGYxZDljMWM0YzY0Y2RjZTJhMjkzYzA4Yjp7Il9hdXRoX3VzZXJfaGFzaCI6IjRhZTZiMTYzODhjNzViZGI3Y2ViM2IyZmY4MDEwZTJjNDQ1MGE5ZTgifQ==", "expire_date": "2020-05-04T05:02:42.785Z"}}, {"model": "sessions.session", "pk": "dd92xsifynuf36bytyf34h3g2uloooit", "fields": {"session_data": "NzU2NzlhNzYxZWI4MDJmNDRhZDQ4ZTBhY2JhNTI3MWI3NmZkM2ExMzp7Il9hdXRoX3VzZXJfaGFzaCI6ImZiN2E4MTQxNjU4MGNiZTI5OGI3MjM2YTM4Y2QzY2FlZjhmNjI0NjYifQ==", "expire_date": "2020-05-03T18:30:09.876Z"}}, {"model": "sessions.session", "pk": "fwbyo6f5zf3t8toibeobppfb0gb242nf", "fields": {"session_data": "M2E1NjY2OTg3OTcxMzc5NWZlOTAxNGMzZWVmY2UwNDM2YTBiYzIyMDp7Il9hdXRoX3VzZXJfaGFzaCI6IjVhZWFiMjVmYTY1MGUwYjQ2Y2Q4MDM2N2FiMzhjMWYxZjJjYzE2MzQifQ==", "expire_date": "2020-05-04T05:09:59.969Z"}}, {"model": "sessions.session", "pk": "ge9snhl61wco6w4u4ladwnz14oxpdn2v", "fields": {"session_data": "Y2ExZDA0YmM1OGM0MTg4NjI3M2M4NzgzZWY5ZWU2NDlmZTY4MTc0ODp7Il9hdXRoX3VzZXJfaGFzaCI6ImE3MzdkOTM4YjQ3NGMxYjUxZDIwZDZiZTE3MGZiZGU2YzVmOGMzZjQifQ==", "expire_date": "2020-05-03T19:21:46.324Z"}}, {"model": "sessions.session", "pk": "pjdcareg0ivtq8ghokshbdq1kg2up93y", "fields": {"session_data": "MTM0ZjFmYjRlMzZlNDMzNDI2MzgwYTRmMGI5ZmU4OWI3MDQzYWU0ZDp7Il9hdXRoX3VzZXJfaWQiOiIxIiwiX2F1dGhfdXNlcl9iYWNrZW5kIjoiZGphbmdvLmNvbnRyaWIuYXV0aC5iYWNrZW5kcy5Nb2RlbEJhY2tlbmQiLCJfYXV0aF91c2VyX2hhc2giOiIwYzIzNTc2YjNlZDYyYWVlNWZhNzNjYjFkMzc1MzcwZmYxOTY2YjA1In0=", "expire_date": "2020-05-03T04:36:52.799Z"}}, {"model": "sessions.session", "pk": "uqpatjjcdrm9611h5gvl351k7mbvcc35", "fields": {"session_data": "ZTEzODlmY2ZlZmZjNTU4NGY1OGNlMTNkNWNhY2I5ZDdhM2UzMzRmMDp7Il9hdXRoX3VzZXJfaGFzaCI6ImFkYTI4YTE4NTgxMGMzZjI2Y2FkYzYyYmM4YjA4NjNlYTkxYzVjNGEifQ==", "expire_date": "2020-05-03T19:16:28.769Z"}}, {"model": "sessions.session", "pk": "z8kna8nbga0yy3jsehz596dykyw1phhj", "fields": {"session_data": "MTM0ZjFmYjRlMzZlNDMzNDI2MzgwYTRmMGI5ZmU4OWI3MDQzYWU0ZDp7Il9hdXRoX3VzZXJfaWQiOiIxIiwiX2F1dGhfdXNlcl9iYWNrZW5kIjoiZGphbmdvLmNvbnRyaWIuYXV0aC5iYWNrZW5kcy5Nb2RlbEJhY2tlbmQiLCJfYXV0aF91c2VyX2hhc2giOiIwYzIzNTc2YjNlZDYyYWVlNWZhNzNjYjFkMzc1MzcwZmYxOTY2YjA1In0=", "expire_date": "2020-05-04T17:54:17.253Z"}}, {"model": "app.teacher", "pk": 1, "fields": {"user": 2}}, {"model": "app.teacher", "pk": 2, "fields": {"user": 3}}, {"model": "app.teacher", "pk": 3, "fields": {"user": 4}}, {"model": "app.course", "pk": 1, "fields": {"name": "Web Development", "credits": 4, "schedule": "[\"[\\\"2\\\", \\\"0\\\"]\", \"[\\\"3\\\", \\\"0\\\"]\", \"[\\\"4\\\", \\\"1\\\"]\", \"[\\\"5\\\", \\\"1\\\"]\"]", "room": "421 room", "teacher": 1}}, {"model": "app.course", "pk": 2, "fields": {"name": "Introduction to Business Management", "credits": 3, "schedule": "[\"[\\\"2\\\", \\\"5\\\"]\", \"[\\\"3\\\", \\\"5\\\"]\", \"[\\\"4\\\", \\\"5\\\"]\"]", "room": "444 room", "teacher": 2}}, {"model": "app.course", "pk": 3, "fields": {"name": "Data Base", "credits": 3, "schedule": "[\"[\\\"4\\\", \\\"4\\\"]\", \"[\\\"5\\\", \\\"4\\\"]\", \"[\\\"3\\\", \\\"3\\\"]\"]", "room": "Independent Hall", "teacher": 3}}, {"model": "app.file", "pk": 1, "fields": {"name": "lab1.txt", "path": "/Labs", "owner": 2}}, {"model": "app.file", "pk": 2, "fields": {"name": "lab2.ppt", "path": "/Labs", "owner": 2}}, {"model": "app.file", "pk": 3, "fields": {"name": "lab3.xlsx", "path": "/Labs", "owner": 2}}, {"model": "app.file", "pk": 4, "fields": {"name": "syllabus_2019.pdf", "path": "/Syllabus", "owner": 2}}, {"model": "app.file", "pk": 5, "fields": {"name": "syllabus_2020.docx", "path": "/Syllabus", "owner": 2}}, {"model": "app.file", "pk": 6, "fields": {"name": "warning.pdf", "path": "/", "owner": 2}}, {"model": "app.file", "pk": 7, "fields": {"name": "Text_1_iintroduction-to-business-v1.0.pdf", "path": "/", "owner": 3}}, {"model": "app.file", "pk": 8, "fields": {"name": "ItBM_2020_Syllabus_Addendum_1_text_reference_books.docx", "path": "/ItBM_Spring_2020/1_start_here_Syllabus_addenda", "owner": 3}}, {"model": "app.file", "pk": 9, "fields": {"name": "ItBM_2020_online_games_exercises_2020_v_1_1.docx", "path": "/ItBM_Spring_2020/1_start_here_Syllabus_addenda", "owner": 3}}, {"model": "app.file", "pk": 10, "fields": {"name": "ItBM_2020_syllabus_addendum_3_Polina_flowers_SCM.docx", "path": "/ItBM_Spring_2020/1_start_here_Syllabus_addenda", "owner": 3}}, {"model": "app.file", "pk": 11, "fields": {"name": "ItBM_Spring_2020_Syllabus_update_5_v_1.docx", "path": "/ItBM_Spring_2020/AI_ML_Descartes_Labs_Esri", "owner": 3}}, {"model": "app.file", "pk": 12, "fields": {"name": "lec.pdf", "path": "/", "owner": 4}}, {"model": "app.file", "pk": 13, "fields": {"name": "s_2020.pdf", "path": "/Syllabus", "owner": 4}}, {"model": "app.file", "pk": 14, "fields": {"name": "file.md", "path": "/asd", "owner": 4}}, {"model": "app.file", "pk": 15, "fields": {"name": "nothing", "path": "/dontopen", "owner": 4}}, {"model": "app.file", "pk": 18, "fields": {"name": "file.txt", "path": "/Syllabus", "owner": 2}}, {"model": "app.file", "pk": 25, "fields": {"name": "asdsda", "path": "/", "owner": 3}}, {"model": "app.file", "pk": 32, "fields": {"name": "File.txt", "path": "/", "owner": 3}}, {"model": "app.file", "pk": 33, "fields": {"name": "NotWarning.pdf", "path": "/", "owner": 2}}, {"model": "app.file", "pk": 34, "fields": {"name": "anotherfile.ppt", "path": "/Syllabus/subfolder", "owner": 2}}, {"model": "app.file", "pk": 35, "fields": {"name": "dsadsa", "path": "/", "owner": 2}}, {"model": "app.file", "pk": 36, "fields": {"name": "newfile", "path": "/folder", "owner": 2}}, {"model": "app.file", "pk": 37, "fields": {"name": "lab4.docx", "path": "/Labs", "owner": 2}}, {"model": "app.file", "pk": 38, "fields": {"name": "file.docx", "path": "/Syllabus/subfolder/FOLDER", "owner": 2}}, {"model": "app.student", "pk": 1, "fields": {"user": 5, "courses": [1, 2, 3], "files": [1, 2, 3, 4, 5, 6, 7, 8, 9, 10, 11, 12, 13, 14, 15, 32]}}, {"model": "app.student", "pk": 2, "fields": {"user": 6, "courses": [2, 3], "files": [7, 8, 9, 10, 11, 12, 13, 14, 15, 32, 33, 35, 36, 37, 38]}}, {"model": "app.student", "pk": 3, "fields": {"user": 7, "courses": [1, 2], "files": [1, 2, 3, 4, 5, 6, 7, 8, 9, 10, 32, 34, 36, 38]}}, {"model": "app.news", "pk": 1, "fields": {"title": "\u041e\u043d\u043b\u0430\u0439\u043d \u0432\u0441\u0442\u0440\u0435\u0447\u0430 \u043f\u043e \u0432\u043e\u043f\u0440\u043e\u0441\u0430\u043c \u0434\u0438\u0441\u0442\u0430\u043d\u0446\u0438\u043e\u043d\u043d\u043e\u0433\u043e \u043e\u0431\u0443\u0447\u0435\u043d\u0438\u044f \u0441 \u041f\u0440\u043e\u0440\u0435\u043a\u0442\u043e\u0440\u043e\u043c \u043f\u043e \u0430\u043a\u0430\u0434\u0435\u043c\u0438\u0447\u0435\u0441\u043a\u0438\u043c \u0432\u043e\u043f\u0440\u043e\u0441\u0430\u043c", "body": "\u0423\u0432\u0430\u0436\u0430\u0435\u043c\u044b\u0435 \u0441\u0442\u0443\u0434\u0435\u043d\u0442\u044b 3 \u043a\u0443\u0440\u0441\u0430! \r\n\u0421\u0435\u0433\u043e\u0434\u043d\u044f \u0432 17.00 \u0447\u0430\u0441\u043e\u0432 \u0441\u043e\u0441\u0442\u043e\u0438\u0442\u0441\u044f \u043e\u043d\u043b\u0430\u0439\u043d \u0432\u0441\u0442\u0440\u0435\u0447\u0430 \u043f\u043e \u0432\u043e\u043f\u0440\u043e\u0441\u0430\u043c \u0434\u0438\u0441\u0442\u0430\u043d\u0446\u0438\u043e\u043d\u043d\u043e\u0433\u043e \u043e\u0431\u0443\u0447\u0435\u043d\u0438\u044f \u0441 \u041f\u0440\u043e\u0440\u0435\u043a\u0442\u043e\u0440\u043e\u043c \u043f\u043e \u0430\u043a\u0430\u0434\u0435\u043c\u0438\u0447\u0435\u0441\u043a\u0438\u043c \u0432\u043e\u043f\u0440\u043e\u0441\u0430\u043c \u041a\u0411\u0422\u0423. \u0412\u0441\u0442\u0440\u0435\u0447\u0430 \u043f\u0440\u043e\u0439\u0434\u0435\u0442 \u0432 \u0440\u0435\u0436\u0438\u043c\u0435 \u043e\u043d\u043b\u0430\u0439\u043d \u0442\u0440\u0430\u043d\u0441\u043b\u044f\u0446\u0438\u0438. \u041f\u0440\u043e\u0441\u0438\u043c \u043f\u0440\u0438 \u0432\u043e\u0437\u043c\u043e\u0436\u043d\u043e\u0441\u0442\u0438 \u0432\u0441\u0435\u0445 \u043f\u0440\u0438\u043d\u044f\u0442\u044c \u0443\u0447\u0430\u0441\u0442\u0438\u0435.", "date": "2020-04-19"}}, {"model": "app.news", "pk": 2, "fields": {"title": "\u041e\u0442\u0440\u0430\u0431\u043e\u0442\u043a\u0430 \u0437\u0430\u043d\u044f\u0442\u0438\u0439 \u0430\u0441\u0441\u043e\u0446\u0438\u0438\u0440\u043e\u0432\u0430\u043d\u043d\u043e\u0433\u043e \u043f\u0440\u043e\u0444\u0435\u0441\u0441\u043e\u0440\u0430 \u041a\u0435\u043d\u0436\u0435\u0431\u0430\u0435\u0432\u0430 \u0422.\u0421.", "body": "\u0423\u0432\u0430\u0436\u0430\u0435\u043c\u044b\u0435 \u0441\u0442\u0443\u0434\u0435\u043d\u0442\u044b \u0430\u0441\u0441\u043e\u0446\u0438\u0438\u0440\u043e\u0432\u0430\u043d\u043d\u043e\u0433\u043e \u043f\u0440\u043e\u0444\u0435\u0441\u0441\u043e\u0440\u0430 \u041a\u0435\u043d\u0436\u0435\u0431\u0430\u0435\u0432\u0430 \u0422\u0430\u043b\u0433\u0430\u0442\u0431\u0435\u043a\u0430 \u0421\u0430\u0434\u0443\u0430\u0445\u0430\u0441\u043e\u0432\u0438\u0447\u0430!\r\n\r\n \r\n\r\n\u0423\u0432\u0435\u0434\u043e\u043c\u043b\u044f\u0435\u043c \u0412\u0430\u0441 \u043e \u043f\u0440\u043e\u0432\u0435\u0434\u0435\u043d\u0438\u0438 \u043e\u0442\u0440\u0430\u0431\u043e\u0442\u043a\u0438 \u0437\u0430\u043d\u044f\u0442\u0438\u0439 \u0437\u0430 10 \u0430\u043f\u0440\u0435\u043b\u044f \u043f\u043e \u0434\u0438\u0441\u0446\u0438\u043f\u043b\u0438\u043d\u0430\u043c \"Classical Boundary Value Problem and Numercal Methods. Matlab\" \u0438 \"Calculus II (BS)\":\r\n\r\n- \u0437\u0430\u043d\u044f\u0442\u0438\u044f \u043f\u043e \u0434\u0438\u0441\u0446\u0438\u043f\u043b\u0438\u043d\u0435 \"Classical Boundary Value Problem and Numercal Methods. Matlab\" 10.04.2020, 09:00-11:00 \u0431\u0443\u0434\u0443\u0442 19.04.2020, 09:00-11:00 \u0432 Microsoft Office Teams;", "date": "2020-04-01"}}, {"model": "app.news", "pk": 3, "fields": {"title": "\u041f\u0440\u0438\u0433\u043b\u0430\u0448\u0430\u0435\u043c \u0412\u0430\u0441 \u043f\u0440\u043e\u0441\u043b\u0443\u0448\u0430\u0442\u044c \u0432\u0435\u0431\u0438\u043d\u0430\u0440\u044b", "body": "\u041f\u0440\u0438\u0433\u043b\u0430\u0448\u0430\u0435\u043c \u0412\u0430\u0441 \u043f\u0440\u043e\u0441\u043b\u0443\u0448\u0430\u0442\u044c \u0432\u0435\u0431\u0438\u043d\u0430\u0440\u044b \u043d\u0430 \u0442\u0435\u043c\u0443 \"\u042d\u0442\u0438\u043a\u0430 \u043d\u0430\u0443\u0447\u043d\u044b\u0445 \u043f\u0443\u0431\u043b\u0438\u043a\u0430\u0446\u0438\u0439 \u0438 \u0438\u043d\u0441\u0442\u0440\u0443\u043c\u0435\u043d\u0442\u044b \u043f\u043e\u0432\u044b\u0448\u0435\u043d\u0438\u044f \u0438\u0445 \u043a\u0430\u0447\u0435\u0441\u0442\u0432\u0430: Web of Science \u0438 \u0410\u043d\u0442\u0438\u043f\u043b\u0430\u0433\u0438\u0430\u0442\", \u00ab\u041d\u0430\u0443\u0447\u043d\u044b\u0435 \u0436\u0443\u0440\u043d\u0430\u043b\u044b: \u0445\u043e\u0440\u043e\u0448\u0438\u0435, \u043f\u043b\u043e\u0445\u0438\u0435 \u0438 \u0445\u0438\u0449\u043d\u0438\u0447\u0435\u0441\u043a\u0438\u0435\u00bb.\r\n\u041b\u0435\u043a\u0442\u043e\u0440: \u0412\u0430\u043b\u0435\u043d\u0442\u0438\u043d \u0411\u043e\u0433\u043e\u0440\u043e\u0432, \u0440\u0443\u043a\u043e\u0432\u043e\u0434\u0438\u0442\u0435\u043b\u044c \u043e\u0442\u0434\u0435\u043b\u0430 \u043e\u0431\u0440\u0430\u0437\u043e\u0432\u0430\u0442\u0435\u043b\u044c\u043d\u044b\u0445 \u043f\u0440\u043e\u0433\u0440\u0430\u043c\u043c Clarivate.", "date": "2020-04-02"}}, {"model": "admin.logentry", "pk": 1, "fields": {"action_time": "2020-04-19T04:37:33.144Z", "user": 1, "content_type": 4, "object_id": "2", "object_repr": "teacher_1", "action_flag": 1, "change_message": "[{\"added\": {}}]"}}, {"model": "admin.logentry", "pk": 2, "fields": {"action_time": "2020-04-19T04:38:35.703Z", "user": 1, "content_type": 4, "object_id": "2", "object_repr": "teacher_1", "action_flag": 2, "change_message": "[{\"changed\": {\"fields\": [\"first_name\", \"last_name\", \"email\"]}}]"}}, {"model": "admin.logentry", "pk": 3, "fields": {"action_time": "2020-04-19T04:39:17.399Z", "user": 1, "content_type": 4, "object_id": "3", "object_repr": "teacher_2", "action_flag": 1, "change_message": "[{\"added\": {}}]"}}, {"model": "admin.logentry", "pk": 4, "fields": {"action_time": "2020-04-19T04:39:31.405Z", "user": 1, "content_type": 4, "object_id": "3", "object_repr": "teacher_2", "action_flag": 2, "change_message": "[{\"changed\": {\"fields\": [\"first_name\"]}}]"}}, {"model": "admin.logentry", "pk": 5, "fields": {"action_time": "2020-04-19T04:41:49.193Z", "user": 1, "content_type": 4, "object_id": "3", "object_repr": "teacher_2", "action_flag": 2, "change_message": "[{\"changed\": {\"fields\": [\"last_name\", \"email\"]}}]"}}, {"model": "admin.logentry", "pk": 6, "fields": {"action_time": "2020-04-19T04:42:28.736Z", "user": 1, "content_type": 4, "object_id": "4", "object_repr": "teacher_3", "action_flag": 1, "change_message": "[{\"added\": {}}]"}}, {"model": "admin.logentry", "pk": 7, "fields": {"action_time": "2020-04-19T04:44:25.103Z", "user": 1, "content_type": 4, "object_id": "4", "object_repr": "teacher_3", "action_flag": 2, "change_message": "[{\"changed\": {\"fields\": [\"first_name\", \"last_name\", \"email\"]}}]"}}, {"model": "admin.logentry", "pk": 8, "fields": {"action_time": "2020-04-19T04:46:52.601Z", "user": 1, "content_type": 10, "object_id": "1", "object_repr": "Teacher object (1)", "action_flag": 1, "change_message": "[{\"added\": {}}]"}}, {"model": "admin.logentry", "pk": 9, "fields": {"action_time": "2020-04-19T04:47:06.427Z", "user": 1, "content_type": 10, "object_id": "2", "object_repr": "Teacher object (2)", "action_flag": 1, "change_message": "[{\"added\": {}}]"}}, {"model": "admin.logentry", "pk": 10, "fields": {"action_time": "2020-04-19T04:47:13.010Z", "user": 1, "content_type": 10, "object_id": "3", "object_repr": "Teacher object (3)", "action_flag": 1, "change_message": "[{\"added\": {}}]"}}, {"model": "admin.logentry", "pk": 11, "fields": {"action_time": "2020-04-19T04:47:41.960Z", "user": 1, "content_type": 7, "object_id": "1", "object_repr": "Course object (1)", "action_flag": 1, "change_message": "[{\"added\": {}}]"}}, {"model": "admin.logentry", "pk": 12, "fields": {"action_time": "2020-04-19T04:49:07.912Z", "user": 1, "content_type": 7, "object_id": "2", "object_repr": "Course object (2)", "action_flag": 1, "change_message": "[{\"added\": {}}]"}}, {"model": "admin.logentry", "pk": 13, "fields": {"action_time": "2020-04-19T04:50:21.090Z", "user": 1, "content_type": 7, "object_id": "3", "object_repr": "Course object (3)", "action_flag": 1, "change_message": "[{\"added\": {}}]"}}, {"model": "admin.logentry", "pk": 14, "fields": {"action_time": "2020-04-19T04:50:56.599Z", "user": 1, "content_type": 4, "object_id": "5", "object_repr": "student_1", "action_flag": 1, "change_message": "[{\"added\": {}}]"}}, {"model": "admin.logentry", "pk": 15, "fields": {"action_time": "2020-04-19T04:51:34.172Z", "user": 1, "content_type": 4, "object_id": "5", "object_repr": "student_1", "action_flag": 2, "change_message": "[{\"changed\": {\"fields\": [\"first_name\", \"last_name\", \"email\"]}}]"}}, {"model": "admin.logentry", "pk": 16, "fields": {"action_time": "2020-04-19T04:51:54.870Z", "user": 1, "content_type": 4, "object_id": "6", "object_repr": "student_2", "action_flag": 1, "change_message": "[{\"added\": {}}]"}}, {"model": "admin.logentry", "pk": 17, "fields": {"action_time": "2020-04-19T04:52:58.503Z", "user": 1, "content_type": 4, "object_id": "6", "object_repr": "student_2", "action_flag": 2, "change_message": "[{\"changed\": {\"fields\": [\"first_name\", \"last_name\", \"email\"]}}]"}}, {"model": "admin.logentry", "pk": 18, "fields": {"action_time": "2020-04-19T04:53:21.723Z", "user": 1, "content_type": 4, "object_id": "7", "object_repr": "student_3", "action_flag": 1, "change_message": "[{\"added\": {}}]"}}, {"model": "admin.logentry", "pk": 19, "fields": {"action_time": "2020-04-19T04:53:55.697Z", "user": 1, "content_type": 4, "object_id": "7", "object_repr": "student_3", "action_flag": 2, "change_message": "[{\"changed\": {\"fields\": [\"first_name\", \"last_name\", \"email\"]}}]"}}, {"model": "admin.logentry", "pk": 20, "fields": {"action_time": "2020-04-19T04:56:06.059Z", "user": 1, "content_type": 9, "object_id": "1", "object_repr": "News object (1)", "action_flag": 1, "change_message": "[{\"added\": {}}]"}}, {"model": "admin.logentry", "pk": 21, "fields": {"action_time": "2020-04-19T04:56:58.810Z", "user": 1, "content_type": 9, "object_id": "2", "object_repr": "News object (2)", "action_flag": 1, "change_message": "[{\"added\": {}}]"}}, {"model": "admin.logentry", "pk": 22, "fields": {"action_time": "2020-04-19T04:57:32.623Z", "user": 1, "content_type": 9, "object_id": "3", "object_repr": "News object (3)", "action_flag": 1, "change_message": "[{\"added\": {}}]"}}, {"model": "admin.logentry", "pk": 23, "fields": {"action_time": "2020-04-19T04:57:57.008Z", "user": 1, "content_type": 11, "object_id": "1", "object_repr": "Student object (1)", "action_flag": 1, "change_message": "[{\"added\": {}}]"}}, {"model": "admin.logentry", "pk": 24, "fields": {"action_time": "2020-04-19T04:59:22.853Z", "user": 1, "content_type": 8, "object_id": "1", "object_repr": "File object (1)", "action_flag": 1, "change_message": "[{\"added\": {}}]"}}, {"model": "admin.logentry", "pk": 25, "fields": {"action_time": "2020-04-19T04:59:40.540Z", "user": 1, "content_type": 8, "object_id": "2", "object_repr": "File object (2)", "action_flag": 1, "change_message": "[{\"added\": {}}]"}}, {"model": "admin.logentry", "pk": 26, "fields": {"action_time": "2020-04-19T05:00:04.890Z", "user": 1, "content_type": 8, "object_id": "3", "object_repr": "File object (3)", "action_flag": 1, "change_message": "[{\"added\": {}}]"}}, {"model": "admin.logentry", "pk": 27, "fields": {"action_time": "2020-04-19T05:00:34.106Z", "user": 1, "content_type": 8, "object_id": "4", "object_repr": "File object (4)", "action_flag": 1, "change_message": "[{\"added\": {}}]"}}, {"model": "admin.logentry", "pk": 28, "fields": {"action_time": "2020-04-19T05:00:56.692Z", "user": 1, "content_type": 8, "object_id": "5", "object_repr": "File object (5)", "action_flag": 1, "change_message": "[{\"added\": {}}]"}}, {"model": "admin.logentry", "pk": 29, "fields": {"action_time": "2020-04-19T05:01:48.371Z", "user": 1, "content_type": 8, "object_id": "6", "object_repr": "File object (6)", "action_flag": 1, "change_message": "[{\"added\": {}}]"}}, {"model": "admin.logentry", "pk": 30, "fields": {"action_time": "2020-04-19T05:02:15.628Z", "user": 1, "content_type": 8, "object_id": "7", "object_repr": "File object (7)", "action_flag": 1, "change_message": "[{\"added\": {}}]"}}, {"model": "admin.logentry", "pk": 31, "fields": {"action_time": "2020-04-19T05:02:33.057Z", "user": 1, "content_type": 8, "object_id": "8", "object_repr": "File object (8)", "action_flag": 1, "change_message": "[{\"added\": {}}]"}}, {"model": "admin.logentry", "pk": 32, "fields": {"action_time": "2020-04-19T05:02:50.858Z", "user": 1, "content_type": 8, "object_id": "9", "object_repr": "File object (9)", "action_flag": 1, "change_message": "[{\"added\": {}}]"}}, {"model": "admin.logentry", "pk": 33, "fields": {"action_time": "2020-04-19T05:03:05.463Z", "user": 1, "content_type": 8, "object_id": "10", "object_repr": "File object (10)", "action_flag": 1, "change_message": "[{\"added\": {}}]"}}, {"model": "admin.logentry", "pk": 34, "fields": {"action_time": "2020-04-19T05:03:25.838Z", "user": 1, "content_type": 8, "object_id": "11", "object_repr": "File object (11)", "action_flag": 1, "change_message": "[{\"added\": {}}]"}}, {"model": "admin.logentry", "pk": 35, "fields": {"action_time": "2020-04-19T05:04:04.879Z", "user": 1, "content_type": 8, "object_id": "12", "object_repr": "File object (12)", "action_flag": 1, "change_message": "[{\"added\": {}}]"}}, {"model": "admin.logentry", "pk": 36, "fields": {"action_time": "2020-04-19T05:04:20.389Z", "user": 1, "content_type": 8, "object_id": "13", "object_repr": "File object (13)", "action_flag": 1, "change_message": "[{\"added\": {}}]"}}, {"model": "admin.logentry", "pk": 37, "fields": {"action_time": "2020-04-19T05:05:22.272Z", "user": 1, "content_type": 8, "object_id": "14", "object_repr": "File object (14)", "action_flag": 1, "change_message": "[{\"added\": {}}]"}}, {"model": "admin.logentry", "pk": 38, "fields": {"action_time": "2020-04-19T05:05:48.525Z", "user": 1, "content_type": 8, "object_id": "15", "object_repr": "File object (15)", "action_flag": 1, "change_message": "[{\"added\": {}}]"}}, {"model": "admin.logentry", "pk": 39, "fields": {"action_time": "2020-04-19T05:08:06.978Z", "user": 1, "content_type": 11, "object_id": "1", "object_repr": "Student object (1)", "action_flag": 2, "change_message": "[{\"changed\": {\"fields\": [\"files\"]}}]"}}, {"model": "admin.logentry", "pk": 40, "fields": {"action_time": "2020-04-19T05:08:27.633Z", "user": 1, "content_type": 11, "object_id": "2", "object_repr": "Student object (2)", "action_flag": 1, "change_message": "[{\"added\": {}}]"}}, {"model": "admin.logentry", "pk": 41, "fields": {"action_time": "2020-04-19T05:08:47.440Z", "user": 1, "content_type": 11, "object_id": "3", "object_repr": "Student object (3)", "action_flag": 1, "change_message": "[{\"added\": {}}]"}}, {"model": "admin.logentry", "pk": 42, "fields": {"action_time": "2020-04-19T06:15:32.568Z", "user": 1, "content_type": 8, "object_id": "20", "object_repr": "File object (20)", "action_flag": 3, "change_message": ""}}, {"model": "admin.logentry", "pk": 43, "fields": {"action_time": "2020-04-19T06:15:36.729Z", "user": 1, "content_type": 8, "object_id": "19", "object_repr": "File object (19)", "action_flag": 3, "change_message": ""}}, {"model": "admin.logentry", "pk": 44, "fields": {"action_time": "2020-04-19T12:56:43.893Z", "user": 1, "content_type": 8, "object_id": "31", "object_repr": "File object (31)", "action_flag": 3, "change_message": ""}}, {"model": "admin.logentry", "pk": 45, "fields": {"action_time": "2020-04-19T12:56:46.575Z", "user": 1, "content_type": 8, "object_id": "30", "object_repr": "File object (30)", "action_flag": 3, "change_message": ""}}, {"model": "admin.logentry", "pk": 46, "fields": {"action_time": "2020-04-19T12:56:49.228Z", "user": 1, "content_type": 8, "object_id": "29", "object_repr": "File object (29)", "action_flag": 3, "change_message": ""}}, {"model": "admin.logentry", "pk": 47, "fields": {"action_time": "2020-04-19T12:56:52.448Z", "user": 1, "content_type": 8, "object_id": "28", "object_repr": "File object (28)", "action_flag": 3, "change_message": ""}}, {"model": "admin.logentry", "pk": 48, "fields": {"action_time": "2020-04-19T12:56:55.410Z", "user": 1, "content_type": 8, "object_id": "27", "object_repr": "File object (27)", "action_flag": 3, "change_message": ""}}, {"model": "admin.logentry", "pk": 49, "fields": {"action_time": "2020-04-19T12:57:08.164Z", "user": 1, "content_type": 8, "object_id": "26", "object_repr": "File object (26)", "action_flag": 3, "change_message": ""}}, {"model": "admin.logentry", "pk": 50, "fields": {"action_time": "2020-04-20T17:54:53.470Z", "user": 1, "content_type": 4, "object_id": "5", "object_repr": "student_1", "action_flag": 2, "change_message": "[{\"changed\": {\"fields\": [\"first_name\", \"last_name\"]}}]"}}, {"model": "admin.logentry", "pk": 51, "fields": {"action_time": "2020-04-20T17:55:38.463Z", "user": 1, "content_type": 4, "object_id": "2", "object_repr": "teacher_1", "action_flag": 2, "change_message": "[{\"changed\": {\"fields\": [\"first_name\", \"last_name\", \"email\"]}}]"}}, {"model": "admin.logentry", "pk": 52, "fields": {"action_time": "2020-04-20T17:56:02.029Z", "user": 1, "content_type": 4, "object_id": "3", "object_repr": "teacher_2", "action_flag": 2, "change_message": "[{\"changed\": {\"fields\": [\"first_name\", \"last_name\", \"email\"]}}]"}}, {"model": "admin.logentry", "pk": 53, "fields": {"action_time": "2020-04-20T17:56:38.013Z", "user": 1, "content_type": 4, "object_id": "4", "object_repr": "teacher_3", "action_flag": 2, "change_message": "[{\"changed\": {\"fields\": [\"first_name\", \"last_name\", \"email\"]}}]"}}, {"model": "admin.logentry", "pk": 54, "fields": {"action_time": "2020-04-20T17:56:45.138Z", "user": 1, "content_type": 4, "object_id": "4", "object_repr": "teacher_3", "action_flag": 2, "change_message": "[]"}}]